path,ext,size_bytes,mtime
"/Users/xuyiheng/Desktop/创新作品-南雍治道/创新作品说明表-南雍治道.docx","docx","53210","2026-09-06"
"/Users/xuyiheng/Desktop/创新作品-南雍治道/01-南站协同官-作品导览视频.mp4","mp4","145058449","2026-09-06"
"/Users/xuyiheng/Desktop/创新作品-南雍治道/00-请先阅读.md","md","2285","2026-09-06"
"/Users/xuyiheng/Desktop/创新作品-南雍治道/02-南站协同官-离线演示与源码/开发任务单_v1.md","md","3190","2026-08-06"
"/Users/xuyiheng/Desktop/创新作品-南雍治道/02-南站协同官-离线演示与源码/contracts/manual-review-required.schema.json","json","796","2026-08-06"
"/Users/xuyiheng/Desktop/创新作品-南雍治道/02-南站协同官-离线演示与源码/contracts/coordination-card.schema.json","json","1741","2026-09-06"
"/Users/xuyiheng/Desktop/创新作品-南雍治道/02-南站协同官-离线演示与源码/contracts/evidence-card.schema.json","json","1349","2026-08-06"
"/Users/xuyiheng/Desktop/创新作品-南雍治道/02-南站协同官-离线演示与源码/contracts/audit-record.schema.json","json","827","2026-08-06"
"/Users/xuyiheng/Desktop/创新作品-南雍治道/02-南站协同官-离线演示与源码/contracts/openapi.yaml","yaml","9467","2026-09-06"
"/Users/xuyiheng/Desktop/创新作品-南雍治道/02-南站协同官-离线演示与源码/contracts/event.schema.json","json","1598","2026-08-06"
"/Users/xuyiheng/Desktop/创新作品-南雍治道/02-南站协同官-离线演示与源码/contracts/authority-rule.schema.json","json","1314","2026-08-06"
"/Users/xuyiheng/Desktop/创新作品-南雍治道/02-南站协同官-离线演示与源码/README.md","md","2675","2026-08-06"
"/Users/xuyiheng/Desktop/创新作品-南雍治道/02-南站协同官-离线演示与源码/南站协同官_工程设计_v1.md","md","11335","2026-08-06"
"/Users/xuyiheng/Desktop/创新作品-南雍治道/02-南站协同官-离线演示与源码/nanjing-south-hubcoord/Dockerfile.dockerignore","dockerignore","325","2026-09-06"
"/Users/xuyiheng/Desktop/创新作品-南雍治道/02-南站协同官-离线演示与源码/nanjing-south-hubcoord/requirements.txt","txt","66","2026-08-06"
"/Users/xuyiheng/Desktop/创新作品-南雍治道/02-南站协同官-离线演示与源码/nanjing-south-hubcoord/启动演示.command","command","1964","2026-09-06"
"/Users/xuyiheng/Desktop/创新作品-南雍治道/02-南站协同官-离线演示与源码/nanjing-south-hubcoord/Dockerfile","","960","2026-09-06"
"/Users/xuyiheng/Desktop/创新作品-南雍治道/02-南站协同官-离线演示与源码/nanjing-south-hubcoord/deploy/nginx.conf.example","example","797","2026-09-06"
"/Users/xuyiheng/Desktop/创新作品-南雍治道/02-南站协同官-离线演示与源码/nanjing-south-hubcoord/deploy/DEPLOY.md","md","4720","2026-09-06"
"/Users/xuyiheng/Desktop/创新作品-南雍治道/02-南站协同官-离线演示与源码/nanjing-south-hubcoord/deploy/nginx.hubcoord.cn.conf","conf","2150","2026-09-06"
"/Users/xuyiheng/Desktop/创新作品-南雍治道/02-南站协同官-离线演示与源码/nanjing-south-hubcoord/ui_browser_check.py","py","9157","2026-09-06"
"/Users/xuyiheng/Desktop/创新作品-南雍治道/02-南站协同官-离线演示与源码/nanjing-south-hubcoord/南站协同官-工作台Demo.html","html","131010","2026-09-06"
"/Users/xuyiheng/Desktop/创新作品-南雍治道/02-南站协同官-离线演示与源码/nanjing-south-hubcoord/README.md","md","4166","2026-09-06"
"/Users/xuyiheng/Desktop/创新作品-南雍治道/02-南站协同官-离线演示与源码/nanjing-south-hubcoord/ui_layout_audit.py","py","6446","2026-09-06"
"/Users/xuyiheng/Desktop/创新作品-南雍治道/02-南站协同官-离线演示与源码/nanjing-south-hubcoord/static/solution.html","html","9842","2026-09-06"
"/Users/xuyiheng/Desktop/创新作品-南雍治道/02-南站协同官-离线演示与源码/nanjing-south-hubcoord/static/case.html","html","7306","2026-09-06"
"/Users/xuyiheng/Desktop/创新作品-南雍治道/02-南站协同官-离线演示与源码/nanjing-south-hubcoord/static/showcase.css","css","71145","2026-09-06"
"/Users/xuyiheng/Desktop/创新作品-南雍治道/02-南站协同官-离线演示与源码/nanjing-south-hubcoord/static/index.html","html","4768","2026-09-06"
"/Users/xuyiheng/Desktop/创新作品-南雍治道/02-南站协同官-离线演示与源码/nanjing-south-hubcoord/static/styles.css","css","44691","2026-09-06"
"/Users/xuyiheng/Desktop/创新作品-南雍治道/02-南站协同官-离线演示与源码/nanjing-south-hubcoord/static/analysis.html","html","18149","2026-09-06"
"/Users/xuyiheng/Desktop/创新作品-南雍治道/02-南站协同官-离线演示与源码/nanjing-south-hubcoord/static/agent-home.html","html","9047","2026-09-06"
"/Users/xuyiheng/Desktop/创新作品-南雍治道/02-南站协同官-离线演示与源码/nanjing-south-hubcoord/static/offline-data.js","js","16278","2026-09-06"
"/Users/xuyiheng/Desktop/创新作品-南雍治道/02-南站协同官-离线演示与源码/nanjing-south-hubcoord/static/story.html","html","20677","2026-09-06"
"/Users/xuyiheng/Desktop/创新作品-南雍治道/02-南站协同官-离线演示与源码/nanjing-south-hubcoord/static/cad/app.html","html","679","2026-09-06"
"/Users/xuyiheng/Desktop/创新作品-南雍治道/02-南站协同官-离线演示与源码/nanjing-south-hubcoord/static/cad/data/departments.json","json","4899","2026-09-06"
"/Users/xuyiheng/Desktop/创新作品-南雍治道/02-南站协同官-离线演示与源码/nanjing-south-hubcoord/static/cad/data/facts.json","json","3669","2026-09-06"
"/Users/xuyiheng/Desktop/创新作品-南雍治道/02-南站协同官-离线演示与源码/nanjing-south-hubcoord/static/cad/data/scenarios.json","json","19132","2026-09-06"
"/Users/xuyiheng/Desktop/创新作品-南雍治道/02-南站协同官-离线演示与源码/nanjing-south-hubcoord/static/cad/assets/app-BTNxyIqW.css","css","16286","2026-09-06"
"/Users/xuyiheng/Desktop/创新作品-南雍治道/02-南站协同官-离线演示与源码/nanjing-south-hubcoord/static/cad/assets/app-CN3JELUM.js","js","1147081","2026-09-06"
"/Users/xuyiheng/Desktop/创新作品-南雍治道/02-南站协同官-离线演示与源码/nanjing-south-hubcoord/static/mechanism.html","html","7860","2026-09-06"
"/Users/xuyiheng/Desktop/创新作品-南雍治道/02-南站协同官-离线演示与源码/nanjing-south-hubcoord/static/site.css","css","33003","2026-09-06"
"/Users/xuyiheng/Desktop/创新作品-南雍治道/02-南站协同官-离线演示与源码/nanjing-south-hubcoord/static/site.js","js","8789","2026-09-06"
"/Users/xuyiheng/Desktop/创新作品-南雍治道/02-南站协同官-离线演示与源码/nanjing-south-hubcoord/static/showcase.js","js","15628","2026-09-06"
"/Users/xuyiheng/Desktop/创新作品-南雍治道/02-南站协同官-离线演示与源码/nanjing-south-hubcoord/static/demo.html","html","20899","2026-09-06"
"/Users/xuyiheng/Desktop/创新作品-南雍治道/02-南站协同官-离线演示与源码/nanjing-south-hubcoord/static/assets/service-station.jpeg","jpeg","82997","2026-09-06"
"/Users/xuyiheng/Desktop/创新作品-南雍治道/02-南站协同官-离线演示与源码/nanjing-south-hubcoord/static/assets/coordination-meeting.jpeg","jpeg","78423","2026-09-06"
"/Users/xuyiheng/Desktop/创新作品-南雍治道/02-南站协同官-离线演示与源码/nanjing-south-hubcoord/static/assets/patrol-team.jpeg","jpeg","61032","2026-09-06"
"/Users/xuyiheng/Desktop/创新作品-南雍治道/02-南站协同官-离线演示与源码/nanjing-south-hubcoord/static/assets/nanyong-mark.svg","svg","554","2026-09-06"
"/Users/xuyiheng/Desktop/创新作品-南雍治道/02-南站协同官-离线演示与源码/nanjing-south-hubcoord/static/assets/parking-scene.jpeg","jpeg","58939","2026-09-06"
"/Users/xuyiheng/Desktop/创新作品-南雍治道/02-南站协同官-离线演示与源码/nanjing-south-hubcoord/static/assets/city-team.jpeg","jpeg","42292","2026-09-06"
"/Users/xuyiheng/Desktop/创新作品-南雍治道/02-南站协同官-离线演示与源码/nanjing-south-hubcoord/static/assets/city-brain-dashboard.jpeg","jpeg","228520","2026-09-06"
"/Users/xuyiheng/Desktop/创新作品-南雍治道/02-南站协同官-离线演示与源码/nanjing-south-hubcoord/static/assets/nanjing-south-aerial.jpeg","jpeg","177368","2026-09-06"
"/Users/xuyiheng/Desktop/创新作品-南雍治道/02-南站协同官-离线演示与源码/nanjing-south-hubcoord/static/assets/favicon.svg","svg","472","2026-09-06"
"/Users/xuyiheng/Desktop/创新作品-南雍治道/02-南站协同官-离线演示与源码/nanjing-south-hubcoord/static/app.js","js","47708","2026-09-06"
"/Users/xuyiheng/Desktop/创新作品-南雍治道/02-南站协同官-离线演示与源码/nanjing-south-hubcoord/static/evidence.html","html","6015","2026-09-06"
"/Users/xuyiheng/Desktop/创新作品-南雍治道/02-南站协同官-离线演示与源码/nanjing-south-hubcoord/scripts/deploy_ecs.sh","sh","3738","2026-09-06"
"/Users/xuyiheng/Desktop/创新作品-南雍治道/02-南站协同官-离线演示与源码/nanjing-south-hubcoord/scripts/build_offline_data.py","py","3812","2026-09-06"
"/Users/xuyiheng/Desktop/创新作品-南雍治道/02-南站协同官-离线演示与源码/nanjing-south-hubcoord/scripts/preflight.py","py","15863","2026-09-06"
"/Users/xuyiheng/Desktop/创新作品-南雍治道/02-南站协同官-离线演示与源码/nanjing-south-hubcoord/scripts/build_standalone.py","py","3192","2026-09-06"
"/Users/xuyiheng/Desktop/创新作品-南雍治道/02-南站协同官-离线演示与源码/nanjing-south-hubcoord/storage.py","py","12855","2026-09-06"
"/Users/xuyiheng/Desktop/创新作品-南雍治道/02-南站协同官-离线演示与源码/nanjing-south-hubcoord/gunicorn.conf.py","py","288","2026-08-06"
"/Users/xuyiheng/Desktop/创新作品-南雍治道/02-南站协同官-离线演示与源码/nanjing-south-hubcoord/app.py","py","37570","2026-09-06"
"/Users/xuyiheng/Desktop/创新作品-南雍治道/02-南站协同官-离线演示与源码/nanjing-south-hubcoord/ui_production_smoke.py","py","3531","2026-09-06"
"/Users/xuyiheng/Desktop/创新作品-南雍治道/02-南站协同官-离线演示与源码/nanjing-south-hubcoord/docker-compose.yml","yml","966","2026-09-06"
"/Users/xuyiheng/Desktop/创新作品-南雍治道/02-南站协同官-离线演示与源码/nanjing-south-hubcoord/.env.example","example","246","2026-09-06"
"/Users/xuyiheng/Desktop/创新作品-南雍治道/02-南站协同官-离线演示与源码/nanjing-south-hubcoord/南站协同官-直接打开.html","html","52427","2026-09-06"
"/Users/xuyiheng/Desktop/创新作品-南雍治道/02-南站协同官-离线演示与源码/nanjing-south-hubcoord/ui_offline_check.py","py","6506","2026-09-06"
"/Users/xuyiheng/Desktop/创新作品-南雍治道/02-南站协同官-离线演示与源码/nanjing-south-hubcoord/design-system/南京南站治理案例重构/MASTER.md","md","6259","2026-09-06"
"/Users/xuyiheng/Desktop/创新作品-南雍治道/02-南站协同官-离线演示与源码/nanjing-south-hubcoord/design-system/南站协同官/MASTER.md","md","4998","2026-09-06"
"/Users/xuyiheng/Desktop/创新作品-南雍治道/02-南站协同官-离线演示与源码/nanjing-south-hubcoord/design-system/南站协同官/pages/platform.md","md","917","2026-09-06"
"/Users/xuyiheng/Desktop/创新作品-南雍治道/02-南站协同官-离线演示与源码/nanjing-south-hubcoord/test_app.py","py","21195","2026-09-06"
"/Users/xuyiheng/Desktop/创新作品-南雍治道/02-南站协同官-离线演示与源码/nanjing-south-hubcoord/media/video-cover.html","html","6005","2026-09-06"
"/Users/xuyiheng/Desktop/创新作品-南雍治道/02-南站协同官-离线演示与源码/nanjing-south-hubcoord/media/video-production-notes.md","md","1641","2026-09-06"
"/Users/xuyiheng/Desktop/创新作品-南雍治道/02-南站协同官-离线演示与源码/examples/audit-record.confirmation.json","json","335","2026-08-06"
"/Users/xuyiheng/Desktop/创新作品-南雍治道/02-南站协同官-离线演示与源码/examples/coordination-card.pending.json","json","736","2026-08-06"
"/Users/xuyiheng/Desktop/创新作品-南雍治道/02-南站协同官-离线演示与源码/examples/manual-review-required.json","json","279","2026-08-06"
"/Users/xuyiheng/Desktop/创新作品-南雍治道/02-南站协同官-离线演示与源码/prompts/coordination-card-system.md","md","1625","2026-08-06"
"/Users/xuyiheng/Desktop/创新作品-南雍治道/02-南站协同官-离线演示与源码/eval/golden-cases.json","json","6411","2026-09-06"
"/Users/xuyiheng/Desktop/创新作品-南雍治道/02-南站协同官-离线演示与源码/南站协同官_平台化建设方案_v0.2.md","md","6213","2026-08-06"
"/Users/xuyiheng/Desktop/创新作品-南雍治道/02-南站协同官-离线演示与源码/data/authority-rules.json","json","2125","2026-08-06"
"/Users/xuyiheng/Desktop/创新作品-南雍治道/02-南站协同官-离线演示与源码/data/evidence-cards.json","json","7161","2026-09-06"
"/Users/xuyiheng/Desktop/创新作品-南雍治道/02-南站协同官-离线演示与源码/data/source-registry.json","json","4795","2026-09-06"
"/Users/xuyiheng/Desktop/创新作品-南雍治道/02-南站协同官-离线演示与源码/data/review-issues.json","json","2565","2026-09-06"
"/Users/xuyiheng/Desktop/创新作品-南雍治道/02-南站协同官-离线演示与源码/data/sc-01-delay-parking-overflow.json","json","3704","2026-09-06"
"/Users/xuyiheng/Desktop/创新作品-南雍治道/~$作品说明表-南雍治道.docx","docx","162","2026-09-06"
